{"epoch":100,"train_loss":0.16606610506772995,"_timestamp":1.7646830932688496e+09,"test_p_value":1.3701691142856497e-153,"best_val_acc":0.9066666666666666,"_wandb":{"runtime":235},"test_accuracy":0.92,"test_f1":0.9188311688311689,"confusion_matrix":{"sha256":"a0293dc793bf2bbddeb712a3cb1bb432ab0e77017e0d6e0e572d56b8213e31a7","size":128694,"path":"media/images/confusion_matrix_101_a0293dc793bf2bbddeb7.png","format":"png","width":2241,"height":2034,"_type":"image-file"},"test_recall":0.9199999999999999,"_runtime":235,"lr":1.0000000000000008e-14,"tsne_plot":{"path":"media/images/tsne_plot_102_7384f848dc17222afa9f.png","format":"png","width":2973,"height":2369,"_type":"image-file","sha256":"7384f848dc17222afa9fcb6376108d34db14f6b5af26b496e4ba95a53f8d4318","size":220408},"_step":102,"test_precision":0.935483870967742,"val_acc":0.84}