{"test_p_value":1.1580268079929048e-07,"confusion_matrix":{"sha256":"949121571cca7f034bb7f0c615a076d064e69a96f58de7eab018c5c5b4cc5d25","size":140319,"path":"media/images/confusion_matrix_101_949121571cca7f034bb7.png","format":"png","width":2241,"height":2034,"_type":"image-file"},"_timestamp":1.7646773843452785e+09,"_wandb":{"runtime":260},"test_recall":0.4511111111111111,"val_acc":0.37333333333333335,"epoch":100,"train_loss":0.1705472430586815,"tsne_plot":{"height":2369,"_type":"image-file","sha256":"a72437b64237ba7c37a67ed70d6f9e05f2c24884c4356cea87d322b6e670af25","size":222282,"path":"media/images/tsne_plot_102_a72437b64237ba7c37a6.png","format":"png","width":2973},"best_val_acc":0.4533333333333333,"lr":1.0000000000000008e-14,"test_precision":0.48909487459105777,"test_f1":0.40317123368856606,"_runtime":260,"test_accuracy":0.45111111111111113,"_step":102}