{"test_precision":0.37279476768293157,"_timestamp":1.7646792204127223e+09,"val_acc":0.3377777777777778,"_wandb":{"runtime":238},"confusion_matrix":{"path":"media/images/confusion_matrix_71_59af333dde5a5fe6c7e9.png","format":"png","width":2241,"height":2034,"_type":"image-file","sha256":"59af333dde5a5fe6c7e9340220818cbfcc52a4d8f81fd6e88ffbe112872d995f","size":133567},"train_loss":0.1706269632279873,"test_f1":0.4041156804502659,"tsne_plot":{"height":2369,"_type":"image-file","sha256":"dd019f62c5abed15407b38ed86aff27b4d22fe385a19659c473746aa6a1623e6","size":222614,"path":"media/images/tsne_plot_72_dd019f62c5abed15407b.png","format":"png","width":2973},"epoch":70,"best_val_acc":0.4577777777777778,"_runtime":238,"test_p_value":2.0841953975930307e-11,"lr":1.0000000000000006e-11,"test_recall":0.4822222222222223,"test_accuracy":0.4822222222222222,"_step":72}