{"val_acc":0.9377777777777778,"test_recall":0.9111111111111111,"tsne_plot":{"height":2369,"_type":"image-file","sha256":"6aac083e73c281326fe324bcfce70c174affde2e539f79c95dd79cc5082b5563","size":226545,"path":"media/images/tsne_plot_72_6aac083e73c281326fe3.png","format":"png","width":2973},"test_accuracy":0.9111111111111111,"_wandb":{"runtime":182},"test_precision":0.9257116325583056,"_runtime":182,"_step":72,"best_val_acc":0.9555555555555556,"train_loss":0.18684119999408721,"test_f1":0.91000586545141,"epoch":70,"test_p_value":4.952126631006777e-149,"confusion_matrix":{"path":"media/images/confusion_matrix_71_0b29a5ca49544bfb9862.png","format":"png","width":2241,"height":2034,"_type":"image-file","sha256":"0b29a5ca49544bfb986208289756ce1959f0437a4b142fda9f59644ee27ab5c2","size":136766},"_timestamp":1.7646775754154158e+09,"lr":1.0000000000000006e-11}