{"test_p_value":6.381783345821723e-14,"_timestamp":1.764676847677301e+09,"epoch":100,"test_recall":0.5,"train_loss":0.16579794332385064,"best_val_acc":0.56,"test_f1":0.5054216247652986,"val_acc":0.5333333333333333,"tsne_plot":{"sha256":"a7ebd422c96e9c2873d959e2b42949bd39de181b6b906afc80f46a5e4aaea223","size":217957,"path":"media/images/tsne_plot_102_a7ebd422c96e9c2873d9.png","format":"png","width":2973,"height":2369,"_type":"image-file"},"confusion_matrix":{"path":"media/images/confusion_matrix_101_30b0603f03225ff31b51.png","format":"png","width":2215,"height":2034,"_type":"image-file","sha256":"30b0603f03225ff31b51424c3903aa776571f6d15508ecc3598c5441095e1adf","size":146901},"test_accuracy":0.5,"_runtime":257,"_step":102,"lr":1.0000000000000008e-14,"_wandb":{"runtime":257},"test_precision":0.5175856302050369}