{"train_loss":0.5283056992292404,"val_acc":0.9377777777777778,"tsne_plot":{"width":2973,"height":2369,"_type":"image-file","sha256":"2e74a267d9b79c5c0b08c3fe8d511ba39024fa3924efa41990b8e2776a97d547","size":231065,"path":"media/images/tsne_plot_102_2e74a267d9b79c5c0b08.png","format":"png"},"test_recall":0.9666666666666667,"_step":102,"test_p_value":1.1714282507612673e-178,"test_f1":0.9665116595483618,"_wandb":{"runtime":118},"_timestamp":1.7646822990525782e+09,"lr":1.0000000000000008e-14,"_runtime":118,"best_val_acc":0.9377777777777778,"epoch":100,"test_accuracy":0.9666666666666667,"confusion_matrix":{"width":2241,"height":2034,"_type":"image-file","sha256":"5f69861301156ab312f269a87314de68570724c37c6fb3d456af02282ea1da5d","size":130560,"path":"media/images/confusion_matrix_101_5f69861301156ab312f2.png","format":"png"},"test_precision":0.9687598206777822}