{"_timestamp":1.764680845537602e+09,"test_accuracy":0.9688888888888889,"_wandb":{"runtime":78},"test_f1":0.9688209879292682,"test_recall":0.9688888888888889,"lr":1.0000000000000006e-11,"_step":72,"test_precision":0.9715447154471545,"_runtime":78,"tsne_plot":{"sha256":"1e0d968464814af6fcbb92b8f4ad4d67e688511a6f93cf2fef767a6ea730327d","size":220337,"path":"media/images/tsne_plot_72_1e0d968464814af6fcbb.png","format":"png","width":2973,"height":2369,"_type":"image-file"},"train_loss":0.17185472533106805,"confusion_matrix":{"size":128558,"path":"media/images/confusion_matrix_71_c8acdc6e794191d9ba9f.png","format":"png","width":2241,"height":2034,"_type":"image-file","sha256":"c8acdc6e794191d9ba9f08fdfbd34e0e095668ceb56bb060721e83078415b98f"},"best_val_acc":0.9422222222222222,"test_p_value":6.718734571830373e-180,"epoch":70,"val_acc":0.9422222222222222}