{"_runtime":257,"confusion_matrix":{"format":"png","width":2241,"height":2034,"_type":"image-file","sha256":"739b034c6ffc920d9fb6d065a3aedbba06b82db89ad99e0d5438c9bff290c21c","size":136095,"path":"media/images/confusion_matrix_101_739b034c6ffc920d9fb6.png"},"epoch":100,"test_recall":0.5511111111111111,"val_acc":0.4266666666666667,"best_val_acc":0.5333333333333333,"_wandb":{"runtime":257},"_step":102,"test_accuracy":0.5511111111111111,"lr":1.0000000000000008e-14,"test_f1":0.5524570226578683,"_timestamp":1.764676581731624e+09,"test_p_value":1.1258564622753029e-22,"tsne_plot":{"_type":"image-file","sha256":"d25bb762d862bd2083c8c7ab629b0d6277b5c4bd36b36be92958e74b757401c1","size":216744,"path":"media/images/tsne_plot_102_d25bb762d862bd2083c8.png","format":"png","width":2973,"height":2369},"test_precision":0.610845947396672,"train_loss":0.15225151985883711}