{"test_p_value":1.9392143544649514e-187,"val_acc":0.9333333333333333,"tsne_plot":{"path":"media/images/tsne_plot_72_f1b3b84311c6c947940d.png","format":"png","width":2973,"height":2369,"_type":"image-file","sha256":"f1b3b84311c6c947940d939cd1a9043e1aec0aa17e04dbeb85bf1f1e4a8d9eb4","size":217860},"test_f1":0.982209571250667,"_step":72,"lr":1.0000000000000006e-11,"best_val_acc":0.9688888888888889,"test_recall":0.9822222222222222,"_timestamp":1.7646844954761827e+09,"confusion_matrix":{"path":"media/images/confusion_matrix_71_8342ddfc18caf8f20834.png","format":"png","width":2241,"height":2034,"_type":"image-file","sha256":"8342ddfc18caf8f20834c43350bb0b253fa91ce9611d669e390bdce2f93be023","size":127203},"_runtime":228,"test_accuracy":0.9822222222222222,"_wandb":{"runtime":228},"test_precision":0.9831223628691982,"train_loss":0.16348695859313012,"epoch":70}