{"_timestamp":1.7646794414402485e+09,"best_val_acc":0.9066666666666666,"test_f1":0.928168268103763,"val_acc":0.9022222222222223,"tsne_plot":{"size":214167,"path":"media/images/tsne_plot_102_96ae4983f618bf1e6540.png","format":"png","width":2973,"height":2369,"_type":"image-file","sha256":"96ae4983f618bf1e6540eb3a068cea573969f9305036e4c0636c102a67fefbe6"},"epoch":100,"_step":102,"lr":1.0000000000000008e-14,"train_loss":0.17363330513238906,"test_precision":0.9363946450188706,"test_recall":0.9288888888888889,"confusion_matrix":{"height":2034,"_type":"image-file","sha256":"21d81745e116efaca68f2c333c232fe0a94f6fe997988a89c2752abbb98c994b","size":133104,"path":"media/images/confusion_matrix_101_21d81745e116efaca68f.png","format":"png","width":2241},"_wandb":{"runtime":100},"test_accuracy":0.9288888888888889,"test_p_value":3.2312335678044954e-158,"_runtime":100}