{"test_p_value":4.706793198452062e-157,"test_recall":0.9266666666666667,"_wandb":{"runtime":252},"test_precision":0.9327871277365064,"lr":1.0000000000000008e-14,"_runtime":252,"val_acc":0.8133333333333334,"test_accuracy":0.9266666666666666,"_step":102,"_timestamp":1.764675446884873e+09,"test_f1":0.9255321219050839,"best_val_acc":0.8666666666666667,"tsne_plot":{"sha256":"dff3ef7064733a31ad48db0790fd1cde0899b7fff74a24a31f7de14174bd5f61","size":223159,"path":"media/images/tsne_plot_102_dff3ef7064733a31ad48.png","format":"png","width":2973,"height":2369,"_type":"image-file"},"epoch":100,"train_loss":0.1853310762345791,"confusion_matrix":{"width":2241,"height":2034,"_type":"image-file","sha256":"d2490ae84db6868a6aa1c0ff5ceb3decf5053a396469fc32b20f5ccc5df9b77a","size":130505,"path":"media/images/confusion_matrix_101_d2490ae84db6868a6aa1.png","format":"png"}}