{"epoch":70,"test_recall":1,"test_accuracy":1,"_step":72,"test_p_value":9.813427854294699e-198,"_wandb":{"runtime":229},"best_val_acc":0.9733333333333334,"_runtime":229,"lr":1.0000000000000006e-11,"train_loss":0.16890376001596452,"val_acc":0.9688888888888889,"tsne_plot":{"sha256":"95739d7f0b15d5c6d8164484bcfee9092deacc0294d2b8a0d0aae10dec1287a6","size":226176,"path":"media/images/tsne_plot_72_95739d7f0b15d5c6d816.png","format":"png","width":2973,"height":2369,"_type":"image-file"},"_timestamp":1.7646847332922518e+09,"test_precision":1,"confusion_matrix":{"format":"png","width":2241,"height":2034,"_type":"image-file","sha256":"cd28c4fa3fea42d341bb918deb96fa8ca4f79970544b3375675a9989d4b37ad0","size":121839,"path":"media/images/confusion_matrix_71_cd28c4fa3fea42d341bb.png"},"test_f1":1}