{"val_acc":0.6533333333333333,"test_precision":0.8476446034585571,"_wandb":{"runtime":189},"test_f1":0.7009276829011175,"_runtime":189,"_step":72,"test_recall":0.7466666666666667,"lr":1.0000000000000006e-11,"epoch":70,"test_accuracy":0.7466666666666667,"best_val_acc":0.7111111111111111,"confusion_matrix":{"sha256":"69172a3a1317051be508f8e1c99173399ca5e7067e53e53a819b64d001b7a344","size":128889,"path":"media/images/confusion_matrix_71_69172a3a1317051be508.png","format":"png","width":2241,"height":2034,"_type":"image-file"},"_timestamp":1.7646777738785048e+09,"tsne_plot":{"_type":"image-file","sha256":"de48217ccdbf7e31139512aec5ae5a4ce9335f2fd817f31a5bd2ac56835049c4","size":236560,"path":"media/images/tsne_plot_72_de48217ccdbf7e311395.png","format":"png","width":2973,"height":2369},"train_loss":0.1921094000339508,"test_p_value":3.2130778686512317e-77}