{"test_recall":0.9866666666666667,"_wandb":{"runtime":85},"train_loss":0.5278145611286164,"_timestamp":1.764683868577813e+09,"lr":1.0000000000000006e-11,"val_acc":0.9422222222222222,"epoch":70,"_runtime":85,"test_p_value":5.49164608422613e-190,"test_accuracy":0.9866666666666667,"best_val_acc":0.9733333333333334,"test_precision":0.9871794871794872,"tsne_plot":{"width":2973,"height":2369,"_type":"image-file","sha256":"400cf580f2664354fbcbfc948ac533d44b4ff79b8594221a1272ca65e47a9f6e","size":225552,"path":"media/images/tsne_plot_72_400cf580f2664354fbcb.png","format":"png"},"test_f1":0.9866613311991462,"_step":72,"confusion_matrix":{"sha256":"7bc2ba54c0833df72d43db523da6b6565ba421be21b3d2300c00017cde5a6418","size":127564,"path":"media/images/confusion_matrix_71_7bc2ba54c0833df72d43.png","format":"png","width":2241,"height":2034,"_type":"image-file"}}