{"val_acc":0.44,"epoch":70,"test_recall":0.7733333333333333,"test_accuracy":0.7733333333333333,"best_val_acc":0.6888888888888889,"lr":1.0000000000000006e-11,"test_p_value":2.9769375517785406e-87,"tsne_plot":{"sha256":"af4f83dbe99cea25d5997989e3ac473cc0b5e55db9a058eccf559193c6756047","size":217304,"path":"media/images/tsne_plot_72_af4f83dbe99cea25d599.png","format":"png","width":2973,"height":2369,"_type":"image-file"},"test_precision":0.799900654511454,"confusion_matrix":{"width":2241,"height":2034,"_type":"image-file","sha256":"8a2522623388b7072d7980deccd38702e1e11633f1bf1aa0f66e3ec74c9e17a7","size":137406,"path":"media/images/confusion_matrix_71_8a2522623388b7072d79.png","format":"png"},"_wandb":{"runtime":240},"test_f1":0.7589993925193091,"_runtime":240,"train_loss":0.14474406108260154,"_step":72,"_timestamp":1.7646784749364376e+09}