{"test_f1":0.9374413512668126,"test_accuracy":0.9377777777777778,"confusion_matrix":{"_type":"image-file","sha256":"f46c5c7b11ce11e52072fe9b2f16dd093ca57368e094098ca598c71e7087dfaa","size":135008,"path":"media/images/confusion_matrix_101_f46c5c7b11ce11e52072.png","format":"png","width":2241,"height":2034},"_runtime":102,"_step":102,"lr":1.0000000000000008e-14,"test_precision":0.9437378875968992,"tsne_plot":{"size":212458,"path":"media/images/tsne_plot_102_72af0174a019f6a9f2c7.png","format":"png","width":2973,"height":2369,"_type":"image-file","sha256":"72af0174a019f6a9f2c77eab32c704f1f3ea6e7da80bda218da058a25cddeffe"},"best_val_acc":0.9244444444444444,"val_acc":0.9111111111111111,"test_recall":0.9377777777777778,"epoch":100,"test_p_value":6.494883581726201e-163,"train_loss":0.17439886704087257,"_timestamp":1.7646795518025484e+09,"_wandb":{"runtime":102}}