{"test_precision":0.9822222222222222,"epoch":70,"test_recall":0.9822222222222222,"tsne_plot":{"_type":"image-file","sha256":"fe5d107d737129c92bf87887e90fa06685cdaa0bb82e3ce67996c9d8fd56620d","size":218757,"path":"media/images/tsne_plot_72_fe5d107d737129c92bf8.png","format":"png","width":2973,"height":2369},"confusion_matrix":{"height":2034,"_type":"image-file","sha256":"b69985084960153bfa40e7eb596322c1bff3b4d180ba6ca7f2e07ee456a0deb9","size":131468,"path":"media/images/confusion_matrix_71_b69985084960153bfa40.png","format":"png","width":2241},"test_p_value":1.9392143544649514e-187,"val_acc":0.9555555555555556,"_runtime":227,"_wandb":{"runtime":227},"best_val_acc":0.9644444444444444,"test_f1":0.9822222222222222,"_step":72,"_timestamp":1.7646842588081872e+09,"lr":1.0000000000000006e-11,"train_loss":0.14743590325117112,"test_accuracy":0.9822222222222222}