{"_step":102,"epoch":100,"test_f1":0.8460964090967978,"test_p_value":4.5532127341289677e-119,"_runtime":259,"lr":1.0000000000000008e-14,"tsne_plot":{"size":231768,"path":"media/images/tsne_plot_102_77687e5be8147e4525d6.png","format":"png","width":2973,"height":2369,"_type":"image-file","sha256":"77687e5be8147e4525d6c893b11a9b327a1784b86b8d1864fa5e733f2f6bfcab"},"val_acc":0.7644444444444445,"train_loss":0.19220338582992555,"_wandb":{"runtime":259},"test_precision":0.8752399650959859,"best_val_acc":0.7733333333333333,"test_accuracy":0.8488888888888889,"confusion_matrix":{"path":"media/images/confusion_matrix_101_599f6b9fcc1fb1705db7.png","format":"png","width":2241,"height":2034,"_type":"image-file","sha256":"599f6b9fcc1fb1705db7589594978b9188b05dc6004518416bb7690e1c76b9c2","size":140025},"test_recall":0.8488888888888889,"_timestamp":1.7646757151987011e+09}