{"_runtime":114,"_timestamp":1.764682546824693e+09,"test_precision":0.9934640522875817,"test_recall":0.9933333333333333,"val_acc":0.9511111111111111,"test_p_value":7.678614800890313e-194,"train_loss":0.540637109875679,"test_f1":0.9933326665999934,"_wandb":{"runtime":114},"best_val_acc":0.9644444444444444,"confusion_matrix":{"width":2241,"height":2034,"_type":"image-file","sha256":"b6f59af6caed1d10b7a205677e83291d8d57bc0d127dc6c853d38e6a9e7b8854","size":127790,"path":"media/images/confusion_matrix_101_b6f59af6caed1d10b7a2.png","format":"png"},"_step":102,"test_accuracy":0.9933333333333333,"lr":1.0000000000000008e-14,"tsne_plot":{"format":"png","width":2973,"height":2369,"_type":"image-file","sha256":"4b51785dbf2d15b1f1550c2552691744dc0555fe000095d4a27f82efba317dd0","size":221785,"path":"media/images/tsne_plot_102_4b51785dbf2d15b1f155.png"},"epoch":100}