{"val_acc":0.9066666666666666,"test_recall":0.9444444444444443,"train_loss":0.16730834409594536,"test_accuracy":0.9444444444444444,"test_precision":0.9480587696786879,"test_f1":0.944265474690952,"test_p_value":1.755634111375616e-166,"tsne_plot":{"path":"media/images/tsne_plot_102_7a821f2257dba9ddacfa.png","format":"png","width":2973,"height":2369,"_type":"image-file","sha256":"7a821f2257dba9ddacfa785b6f75967d48fb1abb22a5323269c2463012a02510","size":202353},"epoch":100,"_wandb":{"runtime":103},"lr":1.0000000000000008e-14,"_step":102,"confusion_matrix":{"width":2241,"height":2034,"_type":"image-file","sha256":"e33c4136165e7c46d05359d57aa3ca6bfb523855e2726e97394da7beb97c1cad","size":133756,"path":"media/images/confusion_matrix_101_e33c4136165e7c46d053.png","format":"png"},"_runtime":103,"best_val_acc":0.92,"_timestamp":1.7646793323847198e+09}