{"_wandb":{"runtime":236},"lr":1.0000000000000008e-14,"val_acc":0.9377777777777778,"best_val_acc":0.9511111111111111,"test_accuracy":0.9622222222222222,"_runtime":236,"train_loss":0.15604887574911117,"epoch":100,"_timestamp":1.764682849797169e+09,"tsne_plot":{"_type":"image-file","sha256":"b311a964d63e2e079a4d6e64c939be956b9c7c0d7f4bdb473e05cd36bb23824d","size":216953,"path":"media/images/tsne_plot_102_b311a964d63e2e079a4d.png","format":"png","width":2973,"height":2369},"test_f1":0.9621881915946574,"test_p_value":3.455884646080685e-176,"test_recall":0.9622222222222222,"confusion_matrix":{"format":"png","width":2241,"height":2034,"_type":"image-file","sha256":"426a443135ee9228ff3dcfebb1e5f197461e53c2cc53f87819b1b0e4a618df4d","size":132456,"path":"media/images/confusion_matrix_101_426a443135ee9228ff3d.png"},"test_precision":0.9632900664614835,"_step":102}