{"test_f1":0.955428775182742,"_timestamp":1.7646833308417714e+09,"epoch":100,"_step":102,"lr":1.0000000000000008e-14,"val_acc":0.8888888888888888,"confusion_matrix":{"format":"png","width":2241,"height":2034,"_type":"image-file","sha256":"22995b2112b7dd8de44b12392bdaf852b2ebfe7715eaff0232ae944f1e5840a3","size":135223,"path":"media/images/confusion_matrix_101_22995b2112b7dd8de44b.png"},"test_accuracy":0.9555555555555556,"_wandb":{"runtime":228},"train_loss":0.16938875526189803,"test_p_value":1.6247738939318852e-172,"best_val_acc":0.9466666666666667,"tsne_plot":{"path":"media/images/tsne_plot_102_b049a0031d31838e8677.png","format":"png","width":2973,"height":2369,"_type":"image-file","sha256":"b049a0031d31838e86773fd607a1798e1988adbe76a3920204f31e9d12f62328","size":212058},"_runtime":228,"test_precision":0.9588802973086376,"test_recall":0.9555555555555556}