{"_wandb":{"runtime":91},"_runtime":91,"val_acc":0.9422222222222222,"test_p_value":3.455884646080685e-176,"test_f1":0.9621453645025424,"_step":72,"tsne_plot":{"size":212317,"path":"media/images/tsne_plot_72_0df32fbe484327e80cb0.png","format":"png","width":2973,"height":2369,"_type":"image-file","sha256":"0df32fbe484327e80cb0cc1f82ac515d89c4c6c09944315ea1da6d86e7149253"},"test_precision":0.9648307896483078,"test_accuracy":0.9622222222222222,"confusion_matrix":{"width":2241,"height":2034,"_type":"image-file","sha256":"c9a8c084640c65bc921c8d5b78a7e6552a611edcc6db8c74029ec5930ca59d8a","size":134247,"path":"media/images/confusion_matrix_71_c9a8c084640c65bc921c.png","format":"png"},"lr":1.0000000000000006e-11,"train_loss":0.5260624980926514,"best_val_acc":0.9644444444444444,"epoch":70,"_timestamp":1.7646837745277505e+09,"test_recall":0.9622222222222222}