{"best_val_acc":0.9555555555555556,"_wandb":{"runtime":75},"test_precision":0.9580077389824894,"test_recall":0.9533333333333333,"_step":72,"_timestamp":1.764680929411388e+09,"test_p_value":2.6680617981456534e-171,"lr":1.0000000000000006e-11,"_runtime":75,"train_loss":0.1736589005589485,"test_f1":0.9531453943038187,"val_acc":0.9333333333333333,"confusion_matrix":{"width":2241,"height":2034,"_type":"image-file","sha256":"72eabaa0b580104c94908de5d33d167a7c68c08d964f7ea65551f2a509a2ecf5","size":133712,"path":"media/images/confusion_matrix_71_72eabaa0b580104c9490.png","format":"png"},"epoch":70,"tsne_plot":{"size":232570,"path":"media/images/tsne_plot_72_84e529f30bc05f50ea0e.png","format":"png","width":2973,"height":2369,"_type":"image-file","sha256":"84e529f30bc05f50ea0e774b665e571e46200845d27229777c7b0db501944cb3"},"test_accuracy":0.9533333333333334}