{"tsne_plot":{"format":"png","width":2973,"height":2369,"_type":"image-file","sha256":"802907a035ea0b395677eecfffba3c45a5acab3fca6c31dc3c662b72c367cfb3","size":227363,"path":"media/images/tsne_plot_102_802907a035ea0b395677.png"},"lr":1.0000000000000008e-14,"confusion_matrix":{"height":2034,"_type":"image-file","sha256":"d16e76db02db03205ef6c69c39001e173f7474bfe60f4af4cba718257105916b","size":134270,"path":"media/images/confusion_matrix_101_d16e76db02db03205ef6.png","format":"png","width":2241},"_runtime":260,"test_f1":0.9235011941945156,"val_acc":0.8977777777777778,"train_loss":0.19381379917263986,"_wandb":{"runtime":260},"test_precision":0.936936936936937,"epoch":100,"test_recall":0.9222222222222222,"_step":102,"best_val_acc":0.8977777777777778,"_timestamp":1.7646759839422011e+09,"test_accuracy":0.9222222222222223,"test_p_value":9.692325320606088e-155}