{"tsne_plot":{"path":"media/images/tsne_plot_72_f1b3b84311c6c947940d.png","format":"png","width":2973,"height":2369,"_type":"image-file","sha256":"f1b3b84311c6c947940d939cd1a9043e1aec0aa17e04dbeb85bf1f1e4a8d9eb4","size":217860},"test_precision":0.9811320754716982,"epoch":70,"confusion_matrix":{"height":2034,"_type":"image-file","sha256":"073628a37012af5dbccee28b14eb6a5373437453b64c737683dba2028d2f62a2","size":127253,"path":"media/images/confusion_matrix_71_073628a37012af5dbcce.png","format":"png","width":2241},"_step":72,"val_acc":0.9288888888888889,"_timestamp":1.7646815566868925e+09,"test_accuracy":0.98,"_wandb":{"runtime":232},"best_val_acc":0.9644444444444444,"train_loss":0.16348695859313012,"lr":1.0000000000000006e-11,"test_recall":0.98,"test_p_value":3.589885593226074e-186,"_runtime":232,"test_f1":0.9799819837854069}