{"tsne_plot":{"height":2369,"_type":"image-file","sha256":"76ba9e5676a2df812bd09af553678a162df578bca14a2015597175d20e3f5eaf","size":226854,"path":"media/images/tsne_plot_72_76ba9e5676a2df812bd0.png","format":"png","width":2973},"confusion_matrix":{"size":138749,"path":"media/images/confusion_matrix_71_7e0c2127fb10a9c638a8.png","format":"png","width":2241,"height":2034,"_type":"image-file","sha256":"7e0c2127fb10a9c638a8606624aa304f40357aa549b82545f8c3f7d7a1407ad9"},"_timestamp":1.7646813158320394e+09,"test_recall":0.9533333333333333,"epoch":70,"test_p_value":2.6680617981456534e-171,"lr":1.0000000000000006e-11,"_step":72,"val_acc":0.96,"train_loss":0.14743590325117112,"test_precision":0.9581882020507225,"test_accuracy":0.9533333333333334,"best_val_acc":0.9688888888888889,"_runtime":233,"_wandb":{"runtime":233},"test_f1":0.9539619443636508}