{"test_recall":0.96,"tsne_plot":{"size":229566,"path":"media/images/tsne_plot_72_8d1b80490bccdf4b27de.png","format":"png","width":2973,"height":2369,"_type":"image-file","sha256":"8d1b80490bccdf4b27de5562694ed3902e97d3ec13e8809fae8bdbabe5a9ea5e"},"lr":1.0000000000000006e-11,"test_accuracy":0.96,"epoch":70,"test_precision":0.9635646032405484,"_step":72,"_timestamp":1.764677970441179e+09,"test_p_value":5.847559473599301e-175,"_wandb":{"runtime":188},"_runtime":188,"best_val_acc":0.96,"confusion_matrix":{"sha256":"da8c960e4242261cf9a9d49c78dd14021910c61fe688c4f0976065b50533632a","size":136530,"path":"media/images/confusion_matrix_71_da8c960e4242261cf9a9.png","format":"png","width":2241,"height":2034,"_type":"image-file"},"val_acc":0.9466666666666667,"train_loss":0.19216998562216758,"test_f1":0.9604156257957327}