{"best_val_acc":0.9822222222222222,"_step":72,"_timestamp":1.7646820446191466e+09,"lr":1.0000000000000006e-11,"val_acc":0.9733333333333334,"epoch":70,"confusion_matrix":{"sha256":"8342ddfc18caf8f20834c43350bb0b253fa91ce9611d669e390bdce2f93be023","size":127203,"path":"media/images/confusion_matrix_71_8342ddfc18caf8f20834.png","format":"png","width":2241,"height":2034,"_type":"image-file"},"_wandb":{"runtime":233},"test_f1":0.982209571250667,"test_p_value":1.9392143544649514e-187,"test_recall":0.9822222222222222,"tsne_plot":{"path":"media/images/tsne_plot_72_d007fb182bc2797d26ca.png","format":"png","width":2973,"height":2369,"_type":"image-file","sha256":"d007fb182bc2797d26caaae7ee3a2c5d47b19de2a72f950b0311b95bf70759f3","size":220828},"test_accuracy":0.9822222222222222,"test_precision":0.9831223628691982,"_runtime":233,"train_loss":0.17378143906593324}