{"_timestamp":1.7646801939734468e+09,"_step":102,"lr":1.0000000000000008e-14,"_runtime":229,"best_val_acc":0.9111111111111111,"val_acc":0.8444444444444444,"tsne_plot":{"format":"png","width":2973,"height":2369,"_type":"image-file","sha256":"7384f848dc17222afa9fcb6376108d34db14f6b5af26b496e4ba95a53f8d4318","size":220408,"path":"media/images/tsne_plot_102_7384f848dc17222afa9f.png"},"train_loss":0.16606610506772995,"test_precision":0.9398907103825137,"_wandb":{"runtime":229},"test_p_value":4.706793198452062e-157,"test_recall":0.9266666666666667,"epoch":100,"confusion_matrix":{"width":2241,"height":2034,"_type":"image-file","sha256":"39b11d9169c604b2710c3d0b1544d90ef641e8675f8a63e9409621f460ec2358","size":128856,"path":"media/images/confusion_matrix_101_39b11d9169c604b2710c.png","format":"png"},"test_accuracy":0.9266666666666666,"test_f1":0.9257684650943078}