{"test_f1":0.9977777530861455,"confusion_matrix":{"format":"png","width":2241,"height":2034,"_type":"image-file","sha256":"1b52787834e64e2c6deba16582349118e2244fb48b799c688880b5c6c59a5b76","size":125448,"path":"media/images/confusion_matrix_71_1b52787834e64e2c6deb.png"},"lr":1.0000000000000006e-11,"_timestamp":1.7646817981681812e+09,"test_precision":0.9977924944812363,"train_loss":0.16890376001596452,"_wandb":{"runtime":233},"test_accuracy":0.9977777777777778,"test_p_value":1.9677936664782614e-196,"_step":72,"epoch":70,"val_acc":0.9555555555555556,"tsne_plot":{"height":2369,"_type":"image-file","sha256":"bf65b0abee92fae4ae16d650cccc9ffd9b55cc2ac96589c47a7ff00a1bc67189","size":229301,"path":"media/images/tsne_plot_72_bf65b0abee92fae4ae16.png","format":"png","width":2973},"best_val_acc":0.9688888888888889,"test_recall":0.9977777777777778,"_runtime":233}