{"test_precision":0.9625246548323472,"_timestamp":1.7646839657524374e+09,"train_loss":0.5305765706300736,"test_accuracy":0.9577777777777777,"tsne_plot":{"_type":"image-file","sha256":"a4ccd732e35917a80599311b64800140329a29a703b834e63199585d3fcdd24e","size":216294,"path":"media/images/tsne_plot_72_a4ccd732e35917a80599.png","format":"png","width":2973,"height":2369},"test_recall":0.9577777777777777,"_wandb":{"runtime":88},"test_p_value":9.79608473375966e-174,"val_acc":0.9333333333333333,"best_val_acc":0.9644444444444444,"_runtime":88,"test_f1":0.957607737703455,"_step":72,"confusion_matrix":{"width":2241,"height":2034,"_type":"image-file","sha256":"6bb5542adf7e4dfac9dd52c9f3327d98ca6657e4aa82ce31f4091fb38c55d6b8","size":127646,"path":"media/images/confusion_matrix_71_6bb5542adf7e4dfac9dd.png","format":"png"},"epoch":70,"lr":1.0000000000000006e-11}