{"val_acc":0.9244444444444444,"test_precision":0.9391844358731776,"confusion_matrix":{"path":"media/images/confusion_matrix_71_43f959aec2100a7652ff.png","format":"png","width":2241,"height":2034,"_type":"image-file","sha256":"43f959aec2100a7652ff88cd600773079ac56882af3c51c0e29625d6108f4f7a","size":126554},"_step":72,"epoch":70,"best_val_acc":0.9333333333333333,"test_accuracy":0.9266666666666666,"_runtime":77,"train_loss":0.1664757761359215,"test_recall":0.9266666666666667,"_wandb":{"runtime":77},"test_f1":0.925565564359045,"lr":1.0000000000000006e-11,"test_p_value":4.706793198452062e-157,"_timestamp":1.7646807590348184e+09,"tsne_plot":{"width":2973,"height":2369,"_type":"image-file","sha256":"66845a9395864327b254e8b3165e1c30b3ede79a8f50c738e30b9871d9a55da4","size":213989,"path":"media/images/tsne_plot_72_66845a9395864327b254.png","format":"png"}}