{"_step":102,"_timestamp":1.7646804355341718e+09,"test_accuracy":0.9333333333333333,"confusion_matrix":{"height":2034,"_type":"image-file","sha256":"23722a0e02e1ed4f4c008602830167f9d1254a085ff8e4448c3e02a6f984dd92","size":134372,"path":"media/images/confusion_matrix_101_23722a0e02e1ed4f4c00.png","format":"png","width":2241},"lr":1.0000000000000008e-14,"epoch":100,"_wandb":{"runtime":233},"_runtime":233,"train_loss":0.16938875526189803,"test_p_value":1.477896201376751e-160,"test_recall":0.9333333333333335,"val_acc":0.8977777777777778,"best_val_acc":0.9244444444444444,"tsne_plot":{"format":"png","width":2973,"height":2369,"_type":"image-file","sha256":"b049a0031d31838e86773fd607a1798e1988adbe76a3920204f31e9d12f62328","size":212058,"path":"media/images/tsne_plot_102_b049a0031d31838e8677.png"},"test_precision":0.9415933528836754,"test_f1":0.9328288030092696}