{"confusion_matrix":{"size":140348,"path":"media/images/confusion_matrix_101_4941ce523b4dab9663e0.png","format":"png","width":2241,"height":2034,"_type":"image-file","sha256":"4941ce523b4dab9663e04d83e5472895f52c400397943de2abdedddbf876f44c"},"test_p_value":7.97160992569602e-18,"test_accuracy":0.5244444444444445,"test_f1":0.5176984676984677,"train_loss":0.1681324665248394,"lr":1.0000000000000008e-14,"_timestamp":1.7646771159551332e+09,"_runtime":259,"_step":102,"_wandb":{"runtime":259},"test_recall":0.5244444444444444,"epoch":100,"tsne_plot":{"size":230556,"path":"media/images/tsne_plot_102_3a89ce8e3b70ba621481.png","format":"png","width":2973,"height":2369,"_type":"image-file","sha256":"3a89ce8e3b70ba621481943e5f2949b766d2e89b1170558e1cf56b29acad07e6"},"test_precision":0.5446114768032576,"best_val_acc":0.49777777777777776,"val_acc":0.4266666666666667}