{"_runtime":101,"best_val_acc":0.9288888888888889,"test_f1":0.9598554797270173,"_timestamp":1.7646796622107594e+09,"test_precision":0.9642857142857143,"test_recall":0.96,"confusion_matrix":{"height":2034,"_type":"image-file","sha256":"6a6c510b15cb3ccc1064ac5ae12df29c7df75ae6e1eeff08335c80db8c2e65ee","size":129770,"path":"media/images/confusion_matrix_101_6a6c510b15cb3ccc1064.png","format":"png","width":2241},"lr":1.0000000000000008e-14,"test_accuracy":0.96,"_wandb":{"runtime":101},"tsne_plot":{"format":"png","width":2973,"height":2369,"_type":"image-file","sha256":"b907141a5b5a1bc62a43c67a8f7e32531dc74f99b1b6691318431f28a363cfda","size":216415,"path":"media/images/tsne_plot_102_b907141a5b5a1bc62a43.png"},"val_acc":0.9244444444444444,"epoch":100,"test_p_value":5.847559473599301e-175,"_step":102,"train_loss":0.18009072557091713}