{"train_loss":0.17477136299014093,"test_accuracy":0.9822222222222222,"_runtime":236,"val_acc":0.9288888888888889,"_wandb":{"runtime":236},"tsne_plot":{"sha256":"b010c265d1be27aef45e872f2b563fd6ac1b35cf3dd9c57597c2471c927ff600","size":212359,"path":"media/images/tsne_plot_102_b010c265d1be27aef45e.png","format":"png","width":2973,"height":2369,"_type":"image-file"},"epoch":100,"test_recall":0.9822222222222222,"_step":102,"lr":1.0000000000000008e-14,"confusion_matrix":{"size":130036,"path":"media/images/confusion_matrix_101_4564cb375ebffb40a603.png","format":"png","width":2241,"height":2034,"_type":"image-file","sha256":"4564cb375ebffb40a603b3bf01f2b4ae965497ffe1a064556162e402a2b77626"},"_timestamp":1.7646835756341178e+09,"test_precision":0.9827279202279202,"test_f1":0.9822151082655285,"test_p_value":1.9392143544649514e-187,"best_val_acc":0.9422222222222222}