{"test_p_value":4.952126631006777e-149,"tsne_plot":{"size":244938,"path":"media/images/tsne_plot_102_e2abf5307eefb984bfd5.png","format":"png","width":2973,"height":2369,"_type":"image-file","sha256":"e2abf5307eefb984bfd5246ad9cc4b9e1ab5800dee82636c53f9a6388dc7bad0"},"val_acc":0.8488888888888889,"test_f1":0.9114441618521427,"lr":1.0000000000000008e-14,"test_accuracy":0.9111111111111111,"epoch":100,"best_val_acc":0.8844444444444445,"test_precision":0.9285522132550744,"_timestamp":1.7646762539253218e+09,"confusion_matrix":{"_type":"image-file","sha256":"044e575d9780826054b97860bee72e2a1626771ff188016d9672850d956f3795","size":138180,"path":"media/images/confusion_matrix_101_044e575d9780826054b9.png","format":"png","width":2241,"height":2034},"train_loss":0.20615388110280036,"_step":102,"_runtime":261,"test_recall":0.9111111111111111,"_wandb":{"runtime":261}}