{"_runtime":89,"test_accuracy":0.94,"_wandb":{"runtime":89},"_timestamp":1.7646836738294654e+09,"test_f1":0.9405864197530865,"test_recall":0.9400000000000001,"_step":72,"test_precision":0.946776611694153,"epoch":70,"confusion_matrix":{"height":2034,"_type":"image-file","sha256":"2315bbe4d2af5a0d1b899d9a1324a5c6f28958e42539ed243cc8b27e04ca831a","size":135643,"path":"media/images/confusion_matrix_71_2315bbe4d2af5a0d1b89.png","format":"png","width":2241},"test_p_value":4.241597248639615e-164,"val_acc":0.9288888888888889,"best_val_acc":0.9466666666666667,"train_loss":0.5141333889961243,"tsne_plot":{"height":2369,"_type":"image-file","sha256":"247c97d3683332c22352bec240a1b176968b4240933972e777d938e563383615","size":207480,"path":"media/images/tsne_plot_72_247c97d3683332c22352.png","format":"png","width":2973},"lr":1.0000000000000006e-11}