{"_wandb":{"runtime":116},"test_accuracy":0.9866666666666667,"_step":102,"test_precision":0.9867808985456045,"epoch":100,"tsne_plot":{"height":2369,"_type":"image-file","sha256":"18239210bee3829491f6d4a9e79434424f8803bdb107d6ff4edbfc4e11d7aab7","size":224460,"path":"media/images/tsne_plot_102_18239210bee3829491f6.png","format":"png","width":2973},"_runtime":116,"test_p_value":5.49164608422613e-190,"val_acc":0.92,"test_f1":0.9866732133472377,"test_recall":0.9866666666666667,"train_loss":0.5305515247583389,"best_val_acc":0.9422222222222222,"_timestamp":1.7646824237384033e+09,"lr":1.0000000000000008e-14,"confusion_matrix":{"height":2034,"_type":"image-file","sha256":"f4c39dfd07e0fa897ab882715c5862d4f6c2ca313a607a8a5f5887240964d654","size":133840,"path":"media/images/confusion_matrix_101_f4c39dfd07e0fa897ab8.png","format":"png","width":2241}}