{"val_acc":0.32,"_step":72,"test_accuracy":0.4066666666666667,"tsne_plot":{"path":"media/images/tsne_plot_72_a313baa1cfee708b8c29.png","format":"png","width":2973,"height":2369,"_type":"image-file","sha256":"a313baa1cfee708b8c2908e514f26fb5bac9c76f85149620d68d1952594037a4","size":235061},"_wandb":{"runtime":239},"best_val_acc":0.41333333333333333,"test_recall":0.4066666666666667,"lr":1.0000000000000006e-11,"confusion_matrix":{"format":"png","width":2241,"height":2034,"_type":"image-file","sha256":"5a585c1bbec50f3a4491d937e23b919ab894a47ad76edfa1700dab91f4391fe9","size":132483,"path":"media/images/confusion_matrix_71_5a585c1bbec50f3a4491.png"},"test_precision":0.44372171945701355,"epoch":70,"train_loss":0.16677006542682649,"test_f1":0.29624366262098634,"_timestamp":1.764678973533747e+09,"_runtime":239,"test_p_value":0.0009668482847675487}