{"epoch":70,"_timestamp":1.764681016262274e+09,"_step":72,"train_loss":0.17515271857380868,"test_accuracy":0.9733333333333334,"test_recall":0.9733333333333333,"lr":1.0000000000000006e-11,"test_f1":0.9732905982905984,"confusion_matrix":{"_type":"image-file","sha256":"d97fccc1b55c897dbe6d5909da34acc8e3961b9b0e2e19e5dadb648472307790","size":129354,"path":"media/images/confusion_matrix_71_d97fccc1b55c897dbe6d.png","format":"png","width":2241,"height":2034},"val_acc":0.9422222222222222,"best_val_acc":0.9511111111111111,"_wandb":{"runtime":78},"test_precision":0.9753086419753086,"_runtime":78,"tsne_plot":{"width":2973,"height":2369,"_type":"image-file","sha256":"a77aa0e0e544c38f7931a253e3026ef07a3e6cd417c0cad8f5dc3203f99e1ce8","size":211819,"path":"media/images/tsne_plot_72_a77aa0e0e544c38f7931.png","format":"png"},"test_p_value":2.14495412425997e-182}