{"_step":102,"test_f1":0.9508467759953527,"confusion_matrix":{"path":"media/images/confusion_matrix_101_c4f11942b1b144be78e3.png","format":"png","width":2241,"height":2034,"_type":"image-file","sha256":"c4f11942b1b144be78e3b51fe649230d617fa596d2c96807f9b3b19e55293be7","size":128643},"test_precision":0.9573643410852712,"epoch":100,"lr":1.0000000000000008e-14,"tsne_plot":{"_type":"image-file","sha256":"c1b9530b1b2aad2f21552f46c291ef15de246d222b5e5944de8eaae8f693a4c7","size":215123,"path":"media/images/tsne_plot_102_c1b9530b1b2aad2f2155.png","format":"png","width":2973,"height":2369},"val_acc":0.9155555555555556,"test_p_value":4.337719138827386e-170,"_wandb":{"runtime":229},"test_recall":0.9511111111111111,"_runtime":229,"best_val_acc":0.9244444444444444,"train_loss":0.17477136299014093,"test_accuracy":0.9511111111111111,"_timestamp":1.7646806729966996e+09}