{"_wandb":{"runtime":226},"val_acc":0.9377777777777778,"test_precision":0.9568452380952381,"test_accuracy":0.9555555555555556,"tsne_plot":{"size":229030,"path":"media/images/tsne_plot_102_dbfea1b620850535f426.png","format":"png","width":2973,"height":2369,"_type":"image-file","sha256":"dbfea1b620850535f42698d73bf90f5493dbb9face6ec3f6d96f36c6546cd072"},"test_recall":0.9555555555555556,"confusion_matrix":{"sha256":"9c141b42a0061d0a048dd813a593f6c9c0d59c107bb2ee9c0d5b5ff818646310","size":134449,"path":"media/images/confusion_matrix_101_9c141b42a0061d0a048d.png","format":"png","width":2241,"height":2034,"_type":"image-file"},"lr":1.0000000000000008e-14,"_runtime":226,"_timestamp":1.7646799557147267e+09,"best_val_acc":0.9422222222222222,"test_f1":0.9555061179087875,"test_p_value":1.6247738939318852e-172,"epoch":100,"_step":102,"train_loss":0.15604887574911117}