{"_timestamp":1.7646821721891196e+09,"_runtime":119,"train_loss":0.518741055727005,"lr":1.0000000000000008e-14,"_wandb":{"runtime":119},"val_acc":0.9111111111111111,"test_f1":0.9514599677124247,"best_val_acc":0.9422222222222222,"confusion_matrix":{"size":136432,"path":"media/images/confusion_matrix_101_6686c8407a0f03b9f10d.png","format":"png","width":2241,"height":2034,"_type":"image-file","sha256":"6686c8407a0f03b9f10de84e3d98fdcf05c59a59e594dc781d46c8b11cbcf91f"},"test_recall":0.9511111111111111,"test_p_value":4.337719138827386e-170,"tsne_plot":{"format":"png","width":2973,"height":2369,"_type":"image-file","sha256":"c993edcd3b21c9a56b846790f609ab32831a4babfc75cc92282ee0ce2e1dd577","size":210918,"path":"media/images/tsne_plot_102_c993edcd3b21c9a56b84.png"},"_step":102,"test_accuracy":0.9511111111111111,"epoch":100,"test_precision":0.9524254259353597}