{"best_val_acc":0.9822222222222222,"test_precision":1,"test_recall":1,"_timestamp":1.7646849738374302e+09,"lr":1.0000000000000006e-11,"test_f1":1,"_step":72,"test_p_value":9.813427854294699e-198,"confusion_matrix":{"height":2034,"_type":"image-file","sha256":"cd28c4fa3fea42d341bb918deb96fa8ca4f79970544b3375675a9989d4b37ad0","size":121839,"path":"media/images/confusion_matrix_71_cd28c4fa3fea42d341bb.png","format":"png","width":2241},"train_loss":0.17378143906593324,"val_acc":0.9822222222222222,"epoch":70,"tsne_plot":{"width":2973,"height":2369,"_type":"image-file","sha256":"83dc903a526085e43a478f5436dfa80a0933bb36ed34aa2b9529ae3fb5ffb630","size":224083,"path":"media/images/tsne_plot_72_83dc903a526085e43a47.png","format":"png"},"_runtime":232,"test_accuracy":1,"_wandb":{"runtime":232}}