{"_wandb":{"runtime":190},"test_p_value":1.1127060549616364e-167,"test_accuracy":0.9466666666666667,"val_acc":0.8933333333333333,"confusion_matrix":{"height":2034,"_type":"image-file","sha256":"00b6dce1bca3e93b4b722dfd20f75afd9700299937ef02576b8932526c5266b8","size":133105,"path":"media/images/confusion_matrix_71_00b6dce1bca3e93b4b72.png","format":"png","width":2241},"_runtime":190,"test_f1":0.9462953999691193,"test_recall":0.9466666666666667,"best_val_acc":0.9377777777777778,"test_precision":0.9499960688733391,"_step":72,"train_loss":0.1982262733578682,"_timestamp":1.7646781689414282e+09,"epoch":70,"lr":1.0000000000000006e-11,"tsne_plot":{"format":"png","width":2973,"height":2369,"_type":"image-file","sha256":"ba7069ad1b89a57600ea8025ab945a00b6a3c4573e9d66f64c9fc3eb509cd3b6","size":222857,"path":"media/images/tsne_plot_72_ba7069ad1b89a57600ea.png"}}