{"epoch":70,"confusion_matrix":{"sha256":"9de95ce91d158a4b98efe2ed2f844df06405c5355979dfd7f32e2154ace753a9","size":134167,"path":"media/images/confusion_matrix_71_9de95ce91d158a4b98ef.png","format":"png","width":2241,"height":2034,"_type":"image-file"},"_wandb":{"runtime":242},"test_recall":0.35555555555555557,"_step":72,"val_acc":0.24444444444444444,"_runtime":242,"_timestamp":1.764678725443508e+09,"test_precision":0.44363929146537845,"best_val_acc":0.32,"tsne_plot":{"height":2369,"_type":"image-file","sha256":"bc69eea19fc2412711375c3ade4cda10ffdf5b4f85c474e1bf2f27518ab1d831","size":231616,"path":"media/images/tsne_plot_72_bc69eea19fc241271137.png","format":"png","width":2973},"train_loss":0.1629762442409992,"test_p_value":0.3173105078629135,"test_f1":0.2505705188647016,"test_accuracy":0.35555555555555557,"lr":1.0000000000000006e-11}